kc,cluster
狙击手,-1
建筑光环境,35
建筑用地使用权,-1
晶体管,61
现代教学媒体,-1
狂犬病毒,16
班集体形成基础,-1
效率,-1
正义论,64
红外线波长,49
修订,-1
函数凸性,-1
kvl方程,195
平方试探策略,-1
强化传热,269
顺流布置,173
相量,-1
消费者行为理论,81
思维,64
基酒组合,-1
电子取景器,-1
话题,-1
一元弱酸的解离平衡常数,-1
秦国,219
复杂几何域,184
应急决策,-1
价格,181
臀大肌最粗处,154
特点,188
疏水物质,-1
放任型的班主任,65
webofscience,234
易用性,188
函数图像,259
婚姻,-1
样本方差,38
豆科牧草种子,3
平衡二叉搜索树,37
气体分子,255
白酒分析技术,5
佛教徒饮茶史,0
植物景观规划设计,-1
向量结构,209
谈判,67
多媒体信息,-1
力的作用,217
中国古代,-1
第一电离能,-1
核外电子,50
运动饮食,-1
骨骼肌肉系统,-1
结构,209
泊松分布,164
感恩信,67
存货,-1
质感设计,19
物质帮助,-1
国外功能,17
方均根速率,150
修正线性单元,176
机械能,196
礼仪,232
名义GDP,142
母乳喂养,281
环戊甲酸合成,285
石油,10
王莽,220
要约成立要件,77
数据对象,-1
交易,-1
全空气系统,111
性质,188
反应,251
相对公平原则,63
白酒品评,5
测验效应,12
独立,-1
虚拟现实,-1
热力学第二定律,-1
连续型随机变量,180
种子数测定,2
整体性学习,100
出生证明,166
传热问题,269
胚长度,-1
相关系数,180
建设用地使用权,99
隐性课程,104
形状,-1
熵,122
北卡三角研究园,153
溶解度,263
抵押权,-1
逻辑的发展史,74
支付宝,-1
钢管椅,-1
凤香型白酒,8
创业团队,83
散热器,-1
四次中东战争,202
边界条件,139
中国社科院,-1
EPS,-1
物理学,-1
教育制度的特点,110
噪声,39
GDP核算,142
花坛,-1
渠道通路,114
需水量,-1
高斯消元法,-1
营销计划,86
马克思,-1
品牌资产,87
经验管理阶段,136
外部节点,-1
户型选择,13
成本理论,112
基底函数,-1
随访期限,124
视知觉,-1
体温,249
企业管理,-1
Hadoop,23
突发公共事件,43
EI数据库,-1
访问内存,-1
供暖的室内设计参数,111
缩醛,-1
通货膨胀率,186
历史形态,-1
量纲分析,14
控制,130
浓硫酸,278
研究因素,153
出口加工区,47
中位数,174
理想师生关系,65
第四次中东战争,202
公平原则,63
主视图,132
非营利组织,97
增值税税率,126
环烷烃,285
OLAP操作,-1
运算,201
甲基己烷环,285
平均分担,150
职能战略,85
马克思主义,237
草木樨,-1
流行病学,-1
金属电极,-1
国家分布,164
总体战略,85
供给侧改革,246
位移函数,-1
网络保险,230
德育教育,-1
纳米材料,168
肝硬化,279
势能,196
散流器,-1
中石油的企业精神,11
模型参数,20
投稿,-1
供应链管理,68
承诺到达,-1
热边界层,139
现行利率,187
对焦速度,150
电荷,54
定积分,183
壬烷,285
未分配利润,182
薛举,-1
老白干香型白酒,-1
疾病类型,-1
享乐主义,-1
伸展树,37
基本子空间的正交关系,-1
完全垄断,93
营销管理,-1
非本质主义,227
肺气肿,-1
资产负债率,171
应急管理系统,-1
开放新闻运动,214
气液相变,122
合作,68
无产阶级专政,241
质心,-1
苯,-1
扩散性,-1
右值,159
机械恒守恒定律,215
萨缪尔森,121
多民族聚集区域,223
退火,39
微分方程通解,195
市场营销学,-1
特征,188
准备金,-1
姓名权,102
波长,49
财经报道原则,-1
品味练习,-1
晶格能,61
禁带,39
侵权责任法的理念,95
股份有限公司,98
蛋白液,-1
苏伊士运河,-1
企业成长的源泉,97
欧拉方程,195
灵活性,206
英文平台,234
映射,-1
底层生活,32
跨媒体叙事策略,213
服务平台,-1
西奈半岛,-1
双头螺柱连接图,132
局部表面传热系数,270
化学进程,260
决策平衡单,27
韩国财阀,-1
经济学定义,79
信用卡,163
改革开放,246
脑内γ-氨基丁酸,-1
科学管理,136
人质事件,43
正态近似,165
泰勒多项式,120
库存成本,181
命题,71
有限责任公司,98
定容热容量,249
企业组织,97
视图关系,132
酸碱平衡紊乱,-1
侵权行为,-1
单反相机,226
原发胃癌,274
四面体结构,209
代数余子式,-1
公开市场,108
体态,154
金融自由化,-1
线性试探,176
主成分分析,14
盐的水解,263
高度,-1
视线,-1
神经网络模型,20
弹性结构,-1
焦距,226
三绝,-1
信用社,76
碳材料,-1
喀布尔,-1
电子云,50
教师工作的本质,66
组元,115
市场渗透,-1
功能,17
甘油三脂,279
道家,179
高层塔楼的防火分区,34
经济增长率,-1
辐射传热,-1
因素,-1
人与自然,-1
平台多元化,-1
动量,-1
时间管理,136
社会主义外交,248
主分支,13
标准平衡常数,-1
新技术,134
权利质权,102
直线形分子,-1
电子排列方式,50
个人来源,-1
条件概率的计算,170
参考系,-1
质点的运动规律,200
团队组建原则,125
协方差,38
消费支出,182
血氧指标,-1
优势,-1
贝叶斯,40
RAW格式,-1
购买力平价理论,112
有限元方法,120
促销,-1
完全二叉堆插入算法,37
内核态,21
分样方法,133
马克思列宁主义,237
心肌舒张,273
谦卦,148
势阱,-1
安迪•沃霍尔,121
市场营销者,105
平面简谐波,30
经济增长理论,-1
导热系数,271
摆正位置,178
去脂体重,216
市场风险,127
复合命题,71
运算放大器模型,57
IO数据传输,-1
文化超地域性,232
计算机网络,231
精神,-1
牧草种子产量组分,3
战略反攻,-1
希腊哲学史,221
异丙基,-1
电阻的串并联,-1
真实性评价指标,-1
矩阵变换,29
赤纬,-1
简谐振动的复数表示,30
不可逆性,-1
新闻跳笔原则,214
溶解,263
物权变动,102
客流量,-1
茅焦之谏,-1
Cochrane协作网,-1
OFFICE软件操作,245
无氧运动,211
炎症反应,251
心理管理,136
集中式空调系统,111
圆周运动,212
教师专业自我发展,66
平面应变,-1
动态存储分配,31
产业,47
MBTI理论,-1
学生评价发展,94
民主主义革命,-1
互动环,22
混合气体压强,256
理想运放,-1
网络借贷,230
OpenSOC平台,-1
电信企业,98
正面情感情绪,90
酒的分类,-1
电阻,-1
领导力,28
原料,-1
大曲作用,118
冰的性质,-1
散列映射,-1
退选修课,104
真值,-1
杆,157
优秀团队成员特点,-1
政府采购,72
RCT,234
真实汇率,-1
简单函数的极限问题,-1
违约金,-1
费用,181
意外成功,43
战斗部队,203
植物的芳香美,-1
酸催化酯化反应,250
中印边界自卫反击作战,-1
课程标准,104
整合营销,86
温度变化,249
外部流动,173
Gartner曲线,162
承诺生效,-1
摩尔定律,215
复合品牌,87
管排修正系数,-1
英军,-1
斯特林公式,120
网络保险特点,230
企业宗旨,97
烷烃结构,-1
对硝基苯甲酸,286
关系式,133
创业的本质,83
市场追随者战略,105
建筑外环境,35
可变资本,-1
茶圣,0
石英玻璃,129
气体,255
内容,-1
中东地区,199
简谐波,30
工业设计,19
宗教,-1
商品经济,79
教育改革,-1
平板稳态导热,261
平面力系的简化,-1
预警,-1
需求的收入弹性,-1
茶艺师,0
尊师爱生,65
众筹模式,-1
团队,-1
动作技能学习评价,94
波的叠加,30
反应速率方程,238
简谐振动的合成,30
反函数,-1
学习环境的特征,-1
体心立方结构,209
数学期望,-1
大陆文明,232
合取范式,133
简谐运动,-1
电子,50
氨基,282
克尼希定理,215
全身性炎症反应临床综合征,-1
离子半径,284
集成运算放大器,57
董仲舒,-1
换位思考,64
民族资产阶级,241
芝麻香型白酒,8
服务业,-1
共价键,197
中频放大倍数,56
临床研究,151
周易,179
资产项,171
贴现政策,193
哲学基本问题,221
化学键,260
酮症酸中毒,286
线性表示,176
弹性力学,-1
伦敦奥林匹克公园,46
定积分的相关性质,183
热身运动,211
生态功能,17
货币政策中介目标,192
大数定律,215
典型事实,-1
学习风格,100
以人为本,-1
可积的函数,-1
伊壁鸠鲁学派,221
加速度,150
越南化政策,-1
禾草种子生产,3
数据清洗,25
商业模式设计,82
市场细分,107
个人独资企业,98
画作,117
数据清理原则,-1
财经报道特征,210
烷基化反应,250
馥郁香型白酒,9
晋书,-1
世界经济形式,80
反应级数,-1
市场营销,105
车臣问题,-1
专利权,102
传热规律转变判据,-1
施主能级,-1
居民,-1
营业外收入,182
金属及合金材料,-1
韩信,218
商业资本,-1
原子半径,222
创业类型,83
半波损失,43
甘特图,-1
经济殖民,80
噬菌体,-1
线性可分支持向量机,176
数据仓库三级模型,-1
酸性,-1
联想集团,98
植物景观围合强度,-1
算术运算,201
乳酸,-1
行列式的几何意义,-1
默认构造函数,258
评价方法,-1
白酒国家标准,5
函数指针,-1
融化,-1
商业数据库,23
竞争战略,-1
泰勒斯,120
沈博阳,-1
现金流量,158
植物景观意向,-1
小康生活,32
溶液混合,-1
供应链伙伴关系,68
风险,127
定常流动,-1
大数据思想,24
历史功能,17
反应速率,238
内能,196
内联函数,-1
老子,191
沉淀,-1
企业战略,-1
沸腾传热,-1
慢性肾脏病,276
职位性权利,-1
互联网+,231
租赁合同,78
可逆的气道,-1
高斯-赛德尔迭代法,185
四象限法则,-1
电子仪器,50
结构体对象,209
资本主义的历史作用,242
avl树的重平衡,37
危机响应,144
微课类型,-1
骨折,149
读秀学术,-1
师生关系,-1
债券,163
创业计划书,83
心肌顿抑,273
距离度量,-1
瘀斑,-1
辐射,-1
氢桥,283
半集中式空调系统,111
面心立方结构,209
拉引式,133
形态学,-1
车臣战争,-1
效力待定合同,78
胚乳,282
车削,161
波音公司,98
官能团异构,194
零点漂移,-1
实践实习,138
肺,-1
个人文化,146
基尔霍夫定律,215
细分市场评价,-1
前景理论,36
水管系统,136
城市危机管理,144
混凝土,-1
苯并芘,-1
环节,22
管壳式换热器,267
长期的总成本曲线,162
货币政策,192
镜头,226
信息技术教育,-1
运动,211
企业品牌,98
效用值的确定,159
中国特色社会主义理论,247
吴道子,191
古希腊雕塑艺术,221
市场需求,-1
乳果糖,-1
大庆精神,-1
极限速度,150
电动势,54
PHP图像函数,1
投影面的平行线,189
模式识别,-1
证据收集,-1
共同侵权,-1
对越自卫还击战,203
种子清选,2
新材料,167
双因素理论,36
乙型肝炎,279
构象,-1
全国评酒会,5
酯的水解,-1
介导应激反应,251
控制标准,130
血糖水平,280
种子萌发,2
立体造型花坛,-1
脑动脉粥样硬化,277
梯度下降算法,228
三段论,-1
大气压,-1
HTML,-1
磁石,-1
枚举值,159
辐射供冷,266
反常积分,183
流场,173
担保范围,-1
唯一性原则,63
城镇居民人均可支配收入,142
基本命题,71
改革发展,246
成本,181
一维平板导热,261
配方奶,281
湿球温度,249
课程评价,94
运动流体的能量方程,-1
矩阵运算,29
标准态,165
相对速率,150
组织工作原理,125
饮茶,0
预期通货膨胀,186
系统特征,188
卡式录音带技术,134
药香型白酒,8
创业计划书核心,83
弹簧振子,30
期刊投稿网站,-1
犹太教,-1
位移约束,45
电子模拟计算机,50
边际成本,181
牧草种子形成过程,3
空袭作战,203
物质的聚集状态,-1
电视媒体,213
恶性肿瘤生长,274
单质,197
净利润,182
海湾战争,202
合同成立条件,-1
蓝牙,243
政治文化,232
复杂反应,252
人工智能,140
课程目标的整体性,104
PHP图像操作,1
教育目的选择,-1
目标,15
概念模型,20
政治体制改革,-1
PQDT博硕士论文,-1
图腾,-1
道尔顿气体分压定律,-1
多层壁的稳态导热公式,261
线性模型,176
种子萌发调节剂,-1
散列冲突,-1
教学目标,103
静息电位,54
营养含量,281
边际产量,-1
直线型组织结构,208
小样勾兑,-1
分类模型,20
串匹配算法,229
二进制序列,-1
电子货币,89
DNA聚合酶,239
用益物权,102
供求理论,112
出口,114
民法调整对象,69
苯环硝化反应,250
管内湍流强制换热,267
相机抉择,226
产品概念,75
移动学习资源,-1
配位化合物,260
正交化方法,-1
切线方程,-1
经验之塔,-1
完整约束,-1
建筑景观,-1
右心衰竭,273
友元,-1
数字货币,89
资本净流出,-1
身体形体,154
双向传递,-1
下载格式,-1
研究对象,-1
神经信号传导,-1
价值工学,106
多媒体技术发展方向,-1
班主任类型,65
承担者,-1
热扩散率,-1
核外电子运动,50
函数极限,236
连续性问题,-1
资本主义经济,242
关键业务,-1
晶胞,61
建筑声环境,35
资本循环,123
CamtasiaStudio软件,245
政府形式,-1
速率分布函数,-1
临床实践,151
计算机科学与技术,-1
逻辑学的发展史,74
价值链,68
限制检索词,156
聚合物,197
专类园,-1
教育者,-1
机器翻译,128
维度,116
善意取得制度,42
伊拉克战争,202
原油泄露事故,-1
报表分析,147
军事设施,-1
项目计划书,-1
基本面分析,-1
结构材料,-1
集成电路,55
二取代环己烷,285
教师专业化,66
中东战争,202
串联RLC二阶电路,55
超链接,-1
净种子,2
教育功能,-1
停车场种植,-1
力矩平衡,-1
贸易盈余,-1
买卖合同,78
机器学习方法,141
互变异构,194
纳税申报,126
需求个性化,146
道德经,179
隐私权,-1
汉宣帝,220
志愿军空军,203
AI技术,-1
自然法则,62
酵母菌,-1
对焦原理,226
财务质量分析,147
切向速度,150
醛酮,285
逆循环,22
构象异构,194
α-羟基磺酸钠,286
连续函数定积分计算,183
战利品,-1
Grignard试剂,265
秦二世,219
条件期望,-1
范氏气体临界点,-1
dna双链,239
手性碳原子,-1
教育目的功能,-1
曲线,162
教师专业化发展,66
市场需求曲线,162
原发性高血压,277
多值逻辑,74
显著性水平,206
室内空气质量,111
内部网,231
振动,30
HTTP协议状态码,-1
酒精计检测流程,5
基本矛盾,-1
第五次战役,203
字符设备,244
词组精确检索,156
体脂率测量方法,216
操作符,135
汉武帝时期杰出人物,220
材料屈服,-1
创新精神,84
教育学诞生,109
中国石油高校文化,11
交叉流换热器,267
面向对象的程序设计,-1
蒸发,257
火箭炮,-1
互联网金融,230
正态分布的密度函数,-1
线性子空间,176
质点系,200
妊娠期,18
豆科种子成熟特征,2
二战,202
最优化法则,-1
体积功,-1
传统植物文化,-1
材料失效,-1
否极泰来,-1
运输合同,78
幂级数的收敛域,184
技术密集,134
教育方针,-1
行列式的基本性质,-1
人工智能应用,140
汉武帝,220
采样率,-1
构造函数,258
植物文化,-1
教材编写,-1
酸碱理论,-1
特征长度,-1
湍流液膜,172
草履虫,-1
创新能力,84
课程定义,104
初始现金流量,158
判别式,133
魏国国君,219
蛋白质,281
种子保存时间,2
三大经济圈,-1
独家新闻,214
禾本科牧草种子,3
社会主义市场经济体制,246
官僚资本主义,242
专制,241
刘邦落草,220
新型虚拟货币,89
晶体缺陷,61
总需求,112
机械能守恒,-1
插入排序,-1
计划,-1
海夫吉,157
头脑风暴,64
浓中带酱白酒,-1
加权残值法,-1
主动性,90
糖耐量受损,280
意外伤害,43
品味,-1
射流冲击传热,268
自然人姓名权,-1
假命题,71
亲电取代,-1
代理权,102
堆排序算法,229
电子仪器仪表,50
分子构型,-1
重构,-1
字符串,-1
稳定性,206
神经网络,-1
排序算法,229
化学性质,260
市场定位,107
耐久性,206
极化作用,250
学生评价分类,94
负面偏差,38
指针,-1
管理职能,136
白酒品评操作要求,5
常量赋值,-1
操作风险,127
经济不协调,-1
社交媒体,-1
反馈,-1
行为科学,-1
学习器,-1
骨盆倾斜度,58
柏拉图思想,221
经济增长,-1
地震,43
溶液,-1
空气处理设备,111
财经报道,210
粘性系数,-1
命题形式,71
多媒体组合教学,-1
城市化进程,47
教育评价的对象,94
垂直,177
应收账款周转率,-1
古希腊哲学,221
WebofScience,234
碳水化合物,281
泊松定理,215
依法治国,235
数据仓库系统,23
勾兑,-1
操作系统,-1
拟合优度检验,48
汇率,186
和合文化,232
悲剧哲学,221
进程,131
恶性肿瘤,274
优先级,-1
系统进程,131
集中参数法,-1
免费注册,-1
军委主席,-1
边界层,139
应激性溃疡,-1
再灌注,161
接触热阻,268
红黑树,-1
混合气体热导率计算,-1
组织工作,125
短板,-1
爱奥尼亚柱式,133
内涵,-1
庄子,191
铜晶体,61
进口值,-1
点缺陷,-1
漫灰表面,161
有限元,-1
风险管理,-1
资本主义生产关系,242
发热,249
茶树,0
PICO原则,63
分子和热学动理论,-1
特定物,-1
凯恩斯模型,20
等离子体,284
易用,-1
机器学习案例,141
二氧化碳,285
对象指针,-1
二苯甲烷,285
白酒,-1
班主任在教育过程,-1
酰氯,278
巨型建筑,35
双层伸展,-1
核函数的选择,-1
学记,-1
中国绘画,-1
条件性,-1
产品价值分析,-1
字符串函数,-1
活化能,-1
正反应速率,238
零件,-1
速率变量,150
LinkedIn,234
战略选择,85
平均深度,150
无穷积分的收敛性,183
矩阵,29
市场累加法,107
交叉学习,100
量变引起质变,122
活动踪迹预测,-1
供电子基,50
多数表决,-1
共基放大电路,56
种子,2
网络营销,230
人体身体形态,154
线性,176
低张性缺氧,-1
工业区位理论,-1
物理变化,122
脂肪肝,279
后现代主义课程理论,-1
矿石,129
发散思维,64
氢化铝锂,283
贝叶斯法,40
气体温度,253
装配图,132
种植施工图,-1
简谐波的波函数,30
认知主义学习理论,-1
非暴力沟通,67
血氨,282
雾霾,-1
办公自动化,-1
对数平均温差,-1
依法执政,235
产品的形状,75
旋光,49
焦点,-1
循环结构,209
健康相关生存质量量表的评价,-1
力学,-1
侵权责任,95
基酒,6
高容量性低钠血症,277
事业部型组织结构,208
起诉,-1
金属热导率,271
阻容耦合放大电路,56
热力学几率,254
供应链变量,68
投资组合,-1
LU分解,-1
幸福,-1
数据集,26
Kopernio高级用户,-1
第二类边界条件,139
数字电路,55
连带责任,96
助人,43
细胞通讯,67
人工智能作用,140
临界资源,139
保护,33
蕴涵,-1
资源配置,31
官僚制,241
费曼学习法,100
秦国外交,219
均匀壁温条件,249
指数函数,259
渐近线方程求解,195
寡头垄断,-1
脱氧核糖,281
储蓄形式,-1
低自旋配合物,197
键角,-1
超越功能,17
急性踝关节扭伤,149
市场占有率,107
酿造工艺,7
单值性条件,207
代偿,-1
实对称矩阵,29
社会市场营销观念,105
创业大赛,83
水面蒸发,257
象征,-1
白酒评酒员,5
岩石园植物,52
市场,108
成长型思维,64
发芽率,-1
完全竞争,93
刘邦西进受降,220
kmp算法,228
保守力,-1
小数定标规范化,-1
稳定电路,55
投资类资产负债表,171
习得性无助,-1
司马炎,218
位图,132
正调节体温调节中枢,249
转折点,169
报税,126
楚汉之争,220
化学腐蚀,260
免责条款,-1
投资活动现金流量,158
二级市场,108
失业保险,4
课程实施的关键,104
数据仓库测试,23
硅谷变迁,-1
动能表达式,-1
人格权,101
风媒花传粉,60
管理活动,136
采访对象,124
城市的危机形态,144
凝结换热,267
毛细血管,-1
局限性,-1
文献,-1
研究领域,153
侵犯隐私权,88
氢键,-1
推理形式,73
实质性,206
格氏试剂,265
希腊哲学,221
科学-实证主义课程评价观,104
螺纹孔画法,132
银,-1
CSCD,240
轴测图,177
酒精含量,-1
过渡态,21
数据规范化,-1
资本主义基本矛盾,242
2元信号量,160
社会改造主义课程理论,-1
产品特色,75
管理学特点,136
酯化反应,250
目标阶梯图,15
特种文献,92
教学机,-1
电子书,50
A/Btesting,234
新闻摄影,214
数码照片,226
波粒二象性,30
线性关系,176
通信,67
市场利率,-1
中文核心期刊要目总览,91
潜在GDP,142
遍历序列,-1
数据架构,23
垂直失调,-1
连续函数的最值存在性,236
分子偶极距,-1
OLAP,-1
五力模型要素,20
亲核加成反应,250
乙烯,285
苯甲醛,285
共同富裕,32
热化学方程,254
中枢正调,178
M型(多元结构),-1
巴蜀之乱,-1
配合物命名,-1
物流管理信息系统,137
早期哲学,221
网络图法,231
集成运放,-1
表冷器,-1
钝化基,265
克莱森酯缩合反应,250
社会主义改革开放,248
教室坏境,-1
sp2轨道杂化键,222
球壳稳态导热,261
秦朝,219
极端天气,249
数据,-1
金融中介,76
stream信息处理,-1
分娩机制,18
筹资活动,-1
PQDT,234
大众创业,83
身体权,102
并行性,207
轴点选取策略,177
物理内存管理,137
圆筒壁稳态导热,261
创业者,83
左式堆,-1
收益率曲线,162
宏观环境,-1
教育价值取向,-1
表面效应,12
存在主义课程理论,104
基本放大电路,56
考试,-1
社会主义过渡,248
数据处理,25
纠正偏差,38
现代设计,19
传统媒体,213
谷歌,-1
预防评估,-1
数据平滑,-1
三个代表,-1
教学评价设计,94
高原肺水肿,-1
肺癌,274
临床决策分析,151
电极反应,-1
网络保险模式,230
财务数据,147
新风,111
NoteExpress数据库,-1
算子理论,-1
现金流量表,158
碱,-1
经营,-1
企业所得税,126
短期失业,4
引证报告,-1
塔式住宅,34
优先购买权利,102
中印边界作战,-1
规则式种植,-1
拉瓦锡,121
混凝土硫酸盐侵蚀破坏,-1
热边界条件,139
促销策略,86
机械系统,-1
组织结构,-1
教学设计,-1
牛津循证医学,-1
创业,83
肾脏疾病,-1
生产剩余价值,106
悖论,74
深度学习优化算法,-1
跨库检索,-1
御灾救荒,43
进程通信机制,131
意外,43
休克患者心功能障碍,272
有效辐射,266
石油文化的文艺表现形态,11
氢气,283
析构函数,-1
经济物品,-1
断裂行文,149
驻波,-1
目标确立,15
自由落体,169
现代教育制度,-1
通货,-1
汇丰银行,163
差分放大电路,56
维数,115
复利,-1
PHP会话管理,1
豉香型白酒,9
鼓励方式,42
王阳明,191
文言,-1
逐客令,-1
相机防水,226
恒温条件,249
能源工业,-1
内节点离散方程,195
实施货币政策,192
资源,-1
论十大关系,59
系统动力学,-1
风机调节方式,111
逻辑斯蒂回归,74
乙醇,-1
蒸气压,-1
营养,281
权责发生制,-1
中位数选取算法,228
中期财务报告,147
离子键,284
绝对导数,198
正交矩阵,29
力,217
大数据特征,-1
苏联侵阿战争,202
工位送风,111
月球自转,169
股票,163
子公司,98
古典艺术,-1
民事责任,-1
取景方式,226
GAD自身抗体,-1
合式风险治理框架,-1
潜伏期,124
病例对照研究,151
IS曲线,162
物质性人格权,101
蒸馏,257
几何域,184
妊娠,18
完全弹性碰撞,-1
假性神经递质,-1
介质,-1
对称因素,-1
数据库,-1
复合材料和生物材料,-1
距骨,58
负债总额,-1
职责,-1
幾,-1
自转,169
潜热负荷,-1
呈香物质,190
函数定义的语法,258
类,41
违约责任,-1
阳刚武德,233
普利策新闻奖,214
我国现代学校教育制度演变历程,-1
放射性思维,64
自发反应,251
水合配离子,284
物质熔点,253
水蒸气,-1
中心原子,222
功,-1
祆教,-1
台湾,205
质性评价模式,-1
4P营销策略,86
视觉媒体及常用设备,-1
危机生命周期,144
空间复杂度,175
平均自由程,150
行列式的计算,-1
保护现场,33
氢离子浓度,284
flash软件,245
苯环,285
PHP文件函数,1
冲泡茶,0
湍流,172
产业不协调,32
电熨斗,-1
BALIS文献传递服务平台,-1
急性呼吸窘迫综合征,273
广场协议,-1
边际替代率,-1
自花传粉,60
吸烟,264
配位数,174
电源,53
输出特性,188
波义尔,121
扁平结构,209
古代希腊哲学著作,221
借款合同,78
手表,-1
有心力场,-1
三家分晋,-1
凝结面积,-1
带默认值参数值的函数,-1
核外电子排布,50
自然对流,-1
直式结构,209
教师专业化发展途径,-1
顺德,-1
秦国吕不韦,219
战略布局,85
中印边界,-1
电流,-1
统计学专,-1
基团,157
唐朝土地制度,-1
牛顿定律,215
合同无效情形,78
熵值,122
酸碱质子理论,-1
阿佛加德罗常数,-1
负反馈,38
摩擦力,217
塔利班,-1
正交投影,189
扩张性货币政策,192
拙政园,-1
后进生,-1
原电池,-1
数据预处理,25
酒度,-1
民事行为,69
麦克利兰,121
美国住宅趋势,34
肾小管内液,-1
多普勒效应,12
失业率,4
体制,235
生命科学,-1
词项,156
货币供应量,193
尿量改变,-1
酱中带浓白酒,-1
信息披露,166
开放经济,80
解空间,175
函数单调性,-1
事务数据库,-1
直线结构,209
气体样品,255
知识网络链接,231
国家因素,-1
共集放大电路,56
虚拟内存管理,137
简单国民收入,-1
管理层次,136
社会冲突管理,-1
地理学,-1
服务器,-1
支出,182
克劳修斯,121
泰勒级数,120
贝叶斯分类,40
名义汇率,187
潜在种子产量,2
反差式,133
长江三角洲,204
陶瓷及陶瓷材料,-1
互联网,231
植物,-1
电视,-1
支链淀粉,-1
酯化反应机理,250
微博,-1
氢,283
泛型程序设计,-1
商鞅变法,-1
广义坐标,113
高血压,277
函数,-1
独立试验,48
腺癌,274
职能结构,-1
功能系统图,-1
以色列,199
白酒品评的准确性,5
不安抗辩权,-1
中国特色社会主义共同理想,247
二级反应,252
新闻主题,214
间隔学习,100
所有者权益变动表,-1
角动量守恒,-1
熔点,253
BMI,-1
相对速度,150
广告,-1
消费者心理,81
肖像权,102
空间单体,175
危机事件,144
微分运算,-1
货币政策规则,192
决策,27
合同无效,78
供应链网络优化设计,68
极大似然估计,160
创业36条军规,83
临床决策,151
非稳态导热方程隐式格式,-1
植物景观分区,51
K近邻分类法,185
直接耦合放大电路,56
检索课题,-1
外延,-1
非稳态导热解,261
反应速率方程式,238
心肺复苏术,273
资本主义贫富差距,242
T细胞,-1
审美功能,17
西周,-1
运算放大器,57
大数据分析,-1
进制转换,-1
禾本科种子,2
终身教育,110
左枕前位,178
对映异构体,194
吴起,-1
所有权,102
无效合同,78
事件独立性,-1
体系能量,196
环境污染责任,-1
零敲牛皮糖,281
卡尔文循环,22
循证医学,-1
特征空间,175
真实变量,180
事件的概率,170
函数的极值点,236
大容器饱和沸腾,-1
损害赔偿,-1
个体认知偏差,38
美国汽车企业,98
阿富汗新战略,-1
技术,134
热量,-1
抑郁指数,90
节点删除操作,-1
口语伙伴,67
计数排序算法,228
时间片,-1
路易·大卫,121
阿富汗,-1
电压电流同相位,53
角加速度,150
投资,171
沉浸叙事,-1
植物景观设计,51
优势反应,-1
间壁式换热器,267
新闻跳笔,214
国民储蓄,-1
资产负债表日后事项,-1
开疆拓土,-1
核心期刊,-1
指导思想,-1
资料收集阶段,124
计算机,244
空中走廊,175
地区数据,-1
一阶齐次线性微分方程,195
酱香型白酒,-1
法人,-1
顾客忠诚因素,81
汉高祖继承人,-1
经济地理学,79
规划谬误,-1
两级放大电路,-1
费雪效应,12
老慢支,276
薪酬设计,-1
最小二乘解,-1
矩阵的逆,29
新闻事件,214
隐马尔可夫模型,20
苏格拉底,-1
能隙,196
main函数,-1
线性组合,176
顺流式换热器,267
建筑环境,35
卤化反应,250
彭博社,-1
2-丁酮,-1
何不食肉糜,-1
准确性,-1
sp轨道杂化键,222
肝功能,279
人均GDP,142
热流量,-1
时差,38
电容,-1
分布函数,-1
收入费用,181
腰臀比,154
赔偿责任,96
曹操,218
叉排排列,-1
数据归约,25
离群点,-1
云爆弹,-1
公允价值计量,106
环境,-1
角量子数,174
朝鲜停战,203
知识掌握,-1
静态工作点,-1
质量分析法,14
数据变换类型,-1
努塞尔数,174
人为,-1
羟醛缩合反应,250
弹药,-1
国际贸易,-1
函数的性质,259
便携式CD播放器,244
标准正交基,165
理想气体温标,-1
社会主义建设道路,247
白酒品评影响因素,5
印度支那,-1
手性化合物,-1
摩擦力做功,217
泡利不相容原理,-1
位置,70
企业特有风险,127
OVID,-1
罗丹,121
儿童游戏场活动范围,-1
市场发展,107
身体肥胖评估标准,154
程序需要,131
价层电子对互斥理论,-1
中心地,70
区间估计,160
p区元素,-1
上甘岭战役,203
沙漠之狐,-1
电容电压,53
PHP函数,1
时间成本,181
吉布斯自由能,-1
环己甲酸合成,-1
共基电路,55
维持功能,17
霍去病墓,-1
轴的转动惯量,224
外掠圆管换热,267
机遇,-1
稀释,-1
侵害名誉权,88
数据挖掘应用,-1
正面情绪,90
社会冲突谈判,67
散列变换,-1
风机,111
课程实施主体,104
流动性危机,127
阴阳,148
面向对象的概念,124
零杆,-1
米香型白酒,9
金属材料,-1
我国古代教育思想,-1
胜利油田,10
佛罗里达州,205
0向量,175
共射放大电路,56
基本变量,180
危机,144
水观法,-1
归宿,-1
营业成本,181
战国时期,219
经济说,79
流行病学家,-1
应激性高血糖,277
母公司,98
盖斯定律,215
波茨坦会议,-1
状态函数,-1
创业者特征,83
Boosting思想,-1
慢性胃炎,275
卫生间,-1
治疗性研究结果,151
学校教育制度,-1
经营战略,85
黎巴嫩战争,202
同时性,207
磺化反应,250
处分权,102
味觉,-1
连续分质贮存,44
生产关系,-1
自传播,60
离散型随机变量,180
控制工作过程,130
画家,-1
马克思主义的中国化,237
抗美援朝,203
历史材料,-1
沟通,67
骨骼肌血流量,-1
酸价,-1
闯红灯,43
频率响应,-1
信息技术,134
强制缔约,77
数据结构,-1
阿富汗战争,202
物权法,102
惯性系,-1
货币市场,-1
电负性,54
牵连速度,150
战略纵深,85
微观财经报道理念,210
花境设计,-1
期望教育的基本理念,-1
课程目标,104
类的静态成员,41
校本课程,104
氯化银,278
心理文字,90
乙基环己烷,285
队列研究,-1
排烟系统,111
供暖系统,111
特征选择,188
管理控制,136
阿拉伯,199
个人信息,166
助人行为,-1
齐次线性方程组,195
农业区位论,47
Adaboost算法,228
等价无穷小,-1
构建问题,-1
积极情绪,90
新量表,160
杜能圈,-1
潜在顾客,81
浆细胞,-1
非要式合同,78
锁,39
单播方式,60
党的根本宗旨,-1
企业成长,97
联合分布,164
资本主义政治制度,242
绿茶,0
n阶原点矩,29
等温方程式,-1
循证,-1
初值问题求解,195
骨折愈合,149
现代学制发展特点,-1
扩展报道,-1
磨损,-1
固定骨折,149
晶体管特性,61
皖南屯绿,-1
自锁现象,39
长平之战,-1
自画像,117
先行组织者,125
植物景观,51
惯性力的测量,224
动作电位,54
多学科综合型全文数据库,-1
四段教学法,100
热机的逆循环,-1
幂级数的收敛半径,184
共射直流电流放大系数,56
电梯调度算法,-1
净化空调,111
促销方式,-1
REACT,234
人体生理机能指标,154
归谬赋值法,-1
体温上升,249
金刚石晶胞,61
基频振动,30
外交战略,-1
非酒精性脂肪肝,279
六经,179
潮汐力,217
拉格朗日关系式,-1
积极心理学,90
景点,46
标志性优势,188
沸腾换热,-1
嗅觉疲劳,119
铣削,161
一阶导数差分表达式,198
古树名木保护,-1
连续函数,259
芳香性,190
观测值,159
财务分析,147
典型事例,138
求不定积分,183
硅谷,-1
物质代谢,-1
竞争者,93
供应链金融,68
生态修复功能,17
昭宣中兴,-1
亭长,-1
经验教训,138
少数民族,223
作品,117
基本感觉认知,-1
肿瘤生长,274
隐私权保护对象,-1
体脂率,216
全期望公式,-1
幽门螺旋杆菌,275
酶,239
农业类外文期刊,-1
激励机制,42
降血糖机制,280
现有投资,171
汉更始帝,220
杜尚,121
生命权,102
政治体制,-1
教育技术,-1
反应蛋白浓度,-1
精神性人格权,101
肘关节的结构,-1
总成本,181
共有物分割,-1
社会信息屏障,166
概率的计算,170
理性预期,90
磁性及磁性材料,-1
品牌,87
AD-AS模型,20
作者,-1
课堂教学结构,103
炎症介质,-1
失血性休克缺血期微循环,272
学生评价,94
系统调用,-1
模糊逻辑,74
物化劳动,32
物质,-1
班级制度,65
形状函数,-1
气相反应,-1
作用力,217
商业模式特点,82
特权指令,-1
惯性力,224
电路,53
引入阶段,124
货币供给,-1
光脉冲,49
流感趋势预测,-1
可导函数,-1
EM算法,228
休克恶化,272
横向加速度,150
实际投资,171
消费者行为,81
重复练习原则,63
下丘脑损伤,-1
印度支那停战协定,-1
极限糊精,150
呼吸底物,264
训练样本,48
财经新闻,210
道德观,233
文献摘要,92
工作步骤,131
重言式,-1
图像软件,245
风机盘管,111
D-乳酸,286
补液原则,-1
骨盆入口斜径,58
对流传热微分方程组,270
模型,20
假设检验问题,-1
数据清理,25
宅基地使用权,99
电池反应,252
KNN近邻方法,185
米开朗基罗,121
教材,-1
次生灾害,43
受众,72
双轨学制,-1
EOQ模型,20
班级管理,-1
宫廷礼仪,232
石油企业文化建设,11
信息网络,231
企业,-1
财经新闻特点,210
信息化教学资源,-1
创新商业模式,82
经典逻辑,74
逻辑,74
植物生长调节剂,-1
真实利率,187
应变场,-1
溴化反应,250
应激反应,251
温熵图,122
汇算清缴,126
外呼吸功能,264
路演,-1
格式条款,-1
比旋光度,49
质点模型,20
党和国家领导制度的改革,246
电影,-1
反坦克导弹,203
类的组合,41
利润表分析路径,147
目标设置,15
帕累托法则,62
局部染色,-1
中心地理论,-1
交换矩阵,29
伸展算法的复杂度分析,-1
死腔样通气,-1
游戏新闻,214
环戊烷,285
函数的变化,-1
效度,-1
牧草种子播种,3
难溶电解质的溶度积,263
客观事物,-1
离散化,-1
初步具备风格,-1
肾性急性肾衰竭,-1
反应物浓度,-1
浙江产业集群,47
独立同分布,-1
吸水率,-1
输卵管,155
个性化,146
改型设计,19
植物景观空间,51
晶粒,61
休眠解除,-1
城市道路绿化,-1
虚拟货币,89
永久性,206
隋炀帝,220
空腹血糖,280
竹林七贤,-1
光,49
量子数,174
宣告死亡,-1
存储处理,-1
色彩区分,13
中国特色社会主义,247
宽银幕影像,226
个人所得税,126
醇类,-1
预设,-1
中画幅相机,226
发展区,47
五氧化二磷,285
第2类拉格朗日方程,195
商鞅,-1
地面战役,-1
花境观赏角度,-1
中国市场,107
高钾血症,277
企业财务风险,127
死锁避免,39
静态函数,-1
室外活动场地,-1
突发事件,43
道法家,179
零空间,175
多文件结构,-1
阈值,-1
公正司法,-1
谈判准备,67
维生素,-1
变量,180
强化沸腾传热,-1
SMART原则,63
营销理论,-1
万有引力,217
基本功能,17
自愿军空军,203
矩阵的对角化,29
产品设计,75
动能,196
洛伦兹变换,-1
总需求曲线,162
劳动力,-1
库存,-1
产品功能结构,-1
溴化银溶液,-1
送风温差,249
功率,196
货币政策最终目标,192
物流管理,137
管理学方法,136
调控基因,130
终结现金流量,158
电子成像,50
命题演算的公理系统,-1
环己烷,285
决策过程,27
需求曲线,162
调味酒,6
石油战线,10
活期存款,171
本地化,146
两体问题,-1
混凝土冻融循环破坏,-1
白酒风味感觉,-1
信息可视化,-1
领导方式,28
天使报喜,43
激励理论,36
教学功能,-1
国家垄断资本主义,-1
教育学科体系,-1
函数的间断点,-1
函数的极值,236
相似原理的应用,-1
自发分解,-1
温度,249
竞争者行为,-1
转座,169
礼乐制度,-1
嗜铬细胞瘤,274
SCI数据库,-1
财务报表,147
VC维,116
产品责任,-1
区位地租,47
左导数,198
安慰剂效应,12
梁单元分布力,164
供应链合作伙伴关系,68
轨道成键,222
人机交互,-1
放大电路,56
提香,190
西塞罗,-1
关键词,156
传递性,206
元素半导体,61
内含报酬率,-1
单处理器,61
肝性脑病,279
取景器,226
危机管理,144
虚功,196
定积分应用,183
无差异曲线,162
物化,-1
管程,136
包容式组合,-1
西沙岛屿,145
增值税,126
MVP,240
阿人民民主党,-1
特征值,-1
诚实信用原则,63
氯化钠,278
三明治沟通法,67
串,-1
逆向选择,-1
沟通方式,67
Nicol棱镜,-1
硬文化,232
贵族军官,-1
家长式领导,28
半导体,61
植物种类调查,52
角系数,-1
电除颤,53
班级组织功能,-1
控制工作,130
天道循环,-1
膜状凝结换热,267
CPU,240
骨产道,-1
分散式系统,-1
负面情绪,90
同步轨道,-1
辐射板,266
种子认证,2
人力资本,123
CAJ浏览器,-1
儿茶酚胺,282
全身极度消瘦,154
模化实验,20
噪声要求,-1
条目内在一致性,-1
对流给热系数,270
均匀球壳,-1
创新型集群,-1
调查性报道,-1
柏拉图哲学,221
预后研究,-1
积极自我介绍,90
历史兴亡周期率,-1
数据集成,-1
职工成绩评定,94
数组,115
世界风险,127
摆,157
生命周期,18
应用协议,-1
微课,103
描述性调研,152
实践,138
带宽,-1
表达式,133
配离子,284
桡骨头,58
集体土地使用权,99
爻,-1
综述性文章,91
侵权责任承担,95
高平陵之变,-1
随机森林算法,-1
人民代表大会制度,-1
购买力平价的汇率理论,112
二环化合物,285
种子鉴定,2
节点插入,-1
角动量,-1
细胞周期,18
鳌合物,197
教育制度,110
大宗酒,6
甲酸,286
中国革命,-1
王莽改革,-1
纸桥失效,-1
平衡方程,-1
离子极性,284
生存质量,-1
联合国军,-1
呼吸作用,264
耐力,-1
ASME,-1
投机动机,90
旋后-内收型,169
水分测定,257
传统文化,232
结型场效应管,12
智慧应急,143
可逆矩阵,29
教育影响,110
荀子,-1
管内流动特征速度,150
要约,-1
国际政治经济新秩序,-1
阴道,155
几何级数,184
伊拉克,199
级数的和,184
继承与派生,-1
调查,152
向量运算,-1
HTTP协议,-1
土地使用权,99
优先级反转,45
越南战争,203
左零空间,175
描述性研究,153
M0的定义,-1
包装种子,2
对称中心,70
完全竞争市场,93
货币,-1
自然灾害,43
内核线程,-1
投入辐射,266
新民主主义论,-1
微分方程的求解问题,195
朴素贝叶斯分类器,40
数据仓库,23
测试误差,38
低维材料,168
教学,103
过渡族元素,-1
自主创新示范区,84
室性心动过速,273
石油工程,-1
教师职业发展阶段,66
快速排序,-1
病毒,16
回风机,111
赔偿,-1
亚洲四小龙,-1
建筑热湿环境的内扰因素,-1
创业者态度,83
左式堆的合并算法,-1
可见光,49
维护世界和平,-1
转录,41
一般位置平面,70
碗钉,-1
立体异构,194
刚体运动,212
发酵过程,-1
随机对照试验,48
保险销售,76
Powerpoint软件操作,245
PHP,1
基元反应,250
表面传热系数,270
三老四严,-1
化学吸附,260
内呼吸状况,264
静质能,196
树的拓扑结构,-1
植物专类园,-1
中国传统观念,232
粉红色泡沫痰,-1
特征速度,150
技术产品,134
材料工程,167
双头垄断,93
学生评价目的,94
基本点,70
钨,129
未来媒介,-1
写作手法,-1
阴极反应,-1
种子贮藏,2
程序,131
普洱茶,0
预期通货膨胀率,186
力系,217
录制微课方法,-1
热应力分析,254
形而上学,221
一维导热,-1
膜状凝结,-1
约定免责事由,-1
黑色金属,129
国民教育,109
参数传递过程,-1
恒温烘箱法,-1
推出,114
灰度阶次,-1
激素分泌,119
口罩设计,19
传感器,-1
党的基本路线,-1
结构性失业,4
不饱和脂,279
肘关节的屈曲,58
新闻素材,214
原子论哲学家,221
驱逐舰,-1
微观市场营销学,-1
经济学基本问题,79
定点转动,169
休克,272
大数据应用,24
合格酒,5
边缘概率分布,170
自拍照,-1
广播,-1
净热量法,249
众筹融资,-1
疾病的自然史,-1
3p亚层,-1
艾宾浩斯记忆曲线,162
汉初功臣,220
研究设计类型,153
核心,-1
观察偏倚,178
精神功能,17
空袭阿富汗,202
自然失业率,4
微观经济学,79
一国两制,-1
林缘附近,46
奇函数,-1
文件分配,-1
质心坐标,113
偏倚,178
急救,-1
刺激,90
均匀热流,-1
市场竞争者,-1
假新闻,214
政治设计,19
平均速度,150
材料使用特性,-1
植物激素,-1
平均可变成本,181
稀缺性,-1
应急管理评估,143
函数定义域,-1
基于Planarity布局算法,-1
集成运放电路,-1
环戊酮,285
合十礼,-1
超声波,49
劳动力价值,-1
代码段,135
品牌知名度,87
跨媒体叙事,213
散列函数,-1
匀速圆周运动,212
侧面投影,189
弥散障碍,-1
端茶,0
时间复杂度,-1
微量元素,-1
组织供血量,-1
合同撤销,78
离子,284
最小-最大值规范化,-1
一维数组初始化,115
近代西方逻辑,74
煤油大王,10
快速排序算法,228
简谐振动,30
教育目的,-1
模板与群体数据,26
消费,-1
导数,198
非营利组织市场,-1
侵害肖像权,88
介电性能,54
传热学,-1
混合式换热器,267
OLAP技术,-1
定积分的几何意义,183
基本子空间,175
数字系统,-1
完全二叉堆的结构性,37
特种战争,203
金属骨骼,129
商业模式,82
营销平台,-1
应激,-1
草本植物群落,52
工作台,-1
质点运动轨迹,200
种子吸胀,2
新风量,111
醇类物质,-1
园林植物景观,51
波函数,-1
刺激物,-1
长期失业,4
完全二叉堆,37
个人长处,146
Sarret试剂,265
对立,-1
遗传规律,62
教师职业角色,66
RM,240
武帝刘彻,220
速度,150
流体,172
人工智能案例,140
函数重载,-1
临产,18
物权法原则,-1
现代教育技术,-1
品茶,0
线性无关,176
磁性,-1
大数据架构,-1
死锁检测算法,39
水溶液,262
恩格尔曲线,162
电子衍射实验,50
抽样调查,152
相对位置,70
多器官功能障碍的综合征,119
科学运动原理,200
单晶硅,61
陶瓷,-1
过错责任,96
表面式冷却器,-1
过度焦虑,90
配离子的结构,284
道德风险,127
关系命题的推理,73
植物群落,52
信息获取,166
创新创业大赛,83
中国石油文化,11
右旋,169
自然坐标,113
神秘主义,227
布鲁纳,121
鸿门宴,-1
牧草种子区分,3
支持向量机,175
收入弹性,-1
计算机教学应用,-1
留置财产价值,106
品牌价值,87
生产理论,36
优先级队列,-1
BIOSISPreviews数据库,-1
调味酒基本原理,6
配合物,197
战略,85
心跳骤停,273
傅里叶级数,184
电能,-1
正己烷,285
欠阻尼振动系统,30
侵犯姓名权,88
住宅政策,34
白酒品评技能认证,5
底特律汽车产业,-1
聚类,41
货币需求,-1
囊膜,-1
特征值的特征向量,-1
输液治疗,-1
基督教,-1
交错韵律原则,63
应急预案体系,143
色彩设计,19
世界性,-1
环己烯,285
效用函数,-1
高温陶瓷,-1
代谢性酸中毒,286
色氨酸衍生,282
增广矩阵,29
六大美德,233
二元线性回归分析,176
用户画像,-1
向量空间,175
热辐射,-1
纳米粒子,61
酸碱平衡紊乱类型,-1
杜鲁门,121
解离反应,250
sp3杂化,-1
气体分子体积,255
3C原则,63
保护装置,33
玻璃材料,-1
路透社,-1
量度单位,160
菲利普斯曲线,162
学习方法,100
部门划分原则,13
噪声数据,-1
超光速,150
随机变量的方差,180
界面,-1
芳香性胺,-1
平衡曲线,162
无过错责任原则,-1
拜耳张力学说,-1
大曲,118
血氧含量,-1
过敏性哮喘,276
硬时限,-1
死锁,39
远程教学,103
电子亲和能,50
函数的参数,-1
质系平衡,200
历史唯物主义,227
禽流感病毒,16
宽恕信,67
混合气体,255
计算肥胖度,216
缺氧,-1
完全二叉树,37
块状经济,80
普通教育学,109
牧草种子,3
市场分析预测,-1
二叉查找树的插入算法,37
职业素养,-1
循证医学指南,-1
高分子及聚合物材料,168
合作伙伴,68
外交政策,-1
财政赤字,-1
消息写作,-1
NoteExpress,234
价值储藏,106
摆脱贫困,32
亚硫酸钠,286
侵害一般人格权,-1
真空,-1
材料科学与工程的四要素,167
中国边防部队,203
组合复合材料,-1
浪漫主义诗哲,221
中国石油工业发展阶段,11
资本积累,123
输出级,-1
供应商,68
反馈控制,130
计划方法,15
要务,-1
氯气,278
尺寸标注,-1
向心性肥大,154
配合尺寸,-1
牧草种子形成发育,3
学位论文,-1
布拉维点阵,121
清香型白酒,9
雕像造型,20
荧光体,61
函数调用,-1
资产减值,171
关键码,135
市场调查,-1
资产负债表,-1
教育信条,110
集成运放原理,-1
LM曲线,162
科氏加速度,150
司马懿,218
加湿器,-1
函数最值,236
准互补输出级,-1
使用方法,-1
课程目标确立方法,104
理想流体的密度,256
PHP数组,1
工业区位,47
王莽篡权,220
轴点,177
侵越美军兵力,203
环渤海经济圈,-1
预测值,159
自由基取代,-1
宏观经济学研究内容,79
专利,-1
生命伦理,233
思维工具,64
诺顿定理,215
专业新闻媒体,214
得道成仙,179
侵害隐私权,88
资金,-1
月经,18
pH值,-1
晶体三极管,61
美国石油,-1
缺页,-1
危机决策,144
IEL,234
宗教神秘主义,227
过热,249
蛮力算法最坏情况,-1
美国总统选举,-1
galerkin方程,-1
人格尊严权,101
空词项,156
Photoshop软件,245
反对称矩阵,29
银符考试模拟题库,135
三湾一海,-1
BASE原则,63
预防动机,90
摩擦性失业,4
履行顺序,131
踝关节稳定性,-1
爱情三角理论,36
F-C烷基化,-1
临界点,-1
原子轨道,222
电子科学与技术,50
决策树模型,27
课程类型,104
紫砂茶具,0
吉凶悔吝转化,-1
意大利产业区,47
高级检索,-1
内毒素,-1
人工干燥,-1
挤出效应,12
选题,-1
下送上排负荷,-1
普查,152
社会主义实现,248
曹丕,218
异常,38
教师职业特征,66
EBSCOhost,234
全球供应链,68
产业集群,47
燃烧热,-1
歧化反应,250
缺失值,159
指针运算,201
珠江三角洲地区,204
拖动层,-1
级数收敛,184
羰基试剂,265
贵金属,-1
电子构型,-1
企业管理系统,137
安全生产责任意识,-1
材料,-1
MBTI,-1
牧草开花条件,3
宫颈,155
人造微地形,-1
国民收入,-1
旋前-外旋型损伤,-1
进程控制,131
中国茶文化,0
古近代,-1
一元n次方程,195
风景名胜区,46
物价,-1
品德评价,-1
实践环节,138
急性肾衰竭,273
无偏估计,-1
计算定积分,183
最小势能原理,-1
巴勒斯坦,199
新能源材料,-1
所有者权益,102
危机协调,144
定焦镜头,226
平均速率,150
多态性,21
社会,-1
逻辑学,74
材料科学与工程,167
浓度,-1
留置权,-1
愿景型领导,28
种子寿命,-1
有偿合同,78
种子发育,2
大曲原料,118
交换,114
表面有效辐射,266
不可知的论断,73
危机沟通,144
信用风险,127
气管插管,-1
税收,126
相对加速度,150
室外空气的设计计算参数,111
应变分量,-1
回归直线方程,195
建设中国特色社会主义,247
流类库,40
伽拉提亚的掳掠,-1
方位角,113
拓扑结构调整,-1
兵马俑,218
军队裁员,-1
免责事由,-1
CDK,240
管理关系,136
王翦,218
随机变量,180
向日葵,-1
VR,243
教学过程,103
有效推理形式,73
原子,222
区块链技术,134
垄断,-1
碳链,-1
朝鲜空战,203
分类器,40
北魏孝文帝改革,-1
现况调查,152
劳动供给,-1
n阶中心矩,29
页表,-1
活动,125
函数的运算,-1
定积分的基本性质,183
图片,-1
knn算法,228
绝对零度,175
代用货币,-1
节点删除,-1
设计,19
进程控制块,131
沙漠盾牌,-1
昏迷,272
敌我矛盾,-1
动产物权,-1
肝功能衰竭,276
置信区间,160
一般性战略,85
人行道,-1
包装策略,86
磺脲类药物,-1
需求价格弹性,112
编译环境,-1
Dreamweaver软件应用,245
单侧连续性,207
汽化核心数,-1
牵连加速度,150
感知机,-1
目标类数据,-1
隐函数的求导方法,-1
正态分布,165
人民法院,-1
极限运算,-1
古代人文主义,227
双重课税,-1
刚度矩阵,29
大曲制作,118
相邻关系,59
交越失真,38
分子数,174
净现值,-1
两球相贯,-1
管束换热,267
吸引力,-1
意识能动性,-1
上溢,161
实训项目,-1
研究基线,153
数据库平台,23
二极管,-1
选择,59
案例,138
巴门尼德,121
会计成本,181
走笔谢孟柬议寄新茶,0
大学生活,-1
可撤销合同,78
物态文化,232
刘秀,-1
品牌的实质,87
新东方,-1
成员交换理论,36
不对称均衡原则,63
AB2型分子,-1
文化内涵,232
占卜,-1
效率工资理论,112
二溴乙烷,285
消费者,81
五大类工程材料,-1
货币政策实施,192
依数性,207
最高响应比优先算法,228
技术决定论,-1
创业五部曲,83
烯烃反应,-1
泰勒规则,120
对流传热,269
集体土地征收,99
踝关节扭伤,149
因材施教,-1
归纳,-1
缓冲溶液,262
财经记者,210
认识论,64
器官,155
动量守恒,225
镜像变换,-1
人际关系,-1
玉堂春富贵,-1
背景材料,-1
霍兰德职业兴趣理论,36
创业者能力,83
高危险性血脂蛋白综合征,277
外部函数,258
氯,278
金融互联网模式,230
参数,-1
肿瘤,274
产业区分类,47
当前收入,182
会战文化,232
发酵酒,-1
运动效果,211
抽象思维,64
板式换热器,267
媒体,213
建筑热湿环境,-1
沸点,-1
图像素材格式,245
n型半导体,61
无限花序,-1
醇,286
质点运动学,200
稀缺资源,-1
出版时间,-1
DNA的突变,-1
PHP开发,1
对流换热,267
军事顾问团,203
长江三角洲地区,204
PHP数据类型,1
云山,-1
PHP输出缓冲函数,1
中断向量地址,70
导热微分方程,-1
单层百叶风口,111
数据粒度,26
临床实践指南,151
通货膨胀,186
孟德尔遗传学,-1
经济事项,-1
法定准备金,-1
甲基化酶,-1
时间管理七步法,136
组合图,132
石器时代,-1
厨房,-1
表面辐射热阻,-1
网络连接配置,231
隋朝,219
应收账款,171
平衡状态,-1
高级品酒师,-1
经济危机的实质,-1
二元正态不相关,-1
建筑物区分所有权,-1
混合溶液,262
点的投影,189
侵权责任法,95
秦国大一统,219
创始人,83
匀加速运动,-1
商业,-1
光的波长,49
标准摩尔生成焓,165
泰勒科学管理,136
胸腔容积,-1
阴阳不调,148
参考文献,92
商业计划书,82
数据立方体,26
住宅建筑设想,34
尿路梗阻,-1
积分,183
机体,155
石油危机,-1
排序方式,-1
二项分布,164
演绎和归纳,-1
香港汇丰银行,163
教师领导方式,65
中文期刊,91
茶叶,0
物质沸点,253
冷却除湿,-1
民事行为能力,69
日元,-1
条件分布,164
金属晶体,61
宏观经济学,79
分类,-1
反应平衡,-1
积极认知,90
王进喜,-1
按需分配,31
学科课程,104
用户,-1
绝对值,159
中国历史学,-1
媒体化,-1
垄断利润,93
尿渗透压,-1
欲望,-1
形式的统一原则,63
样本量估算,-1
资本,123
命题联接词,71
碘仿反应,-1
纸笔测验评价,94
电压放大倍数,56
哲学,221
层流入口段,-1
页面置换算法,-1
克劳修斯不等式,-1
电流源电路,53
价层电子对互斥,50
常规性思维,64
学科中心主义课程理论,-1
平台,-1
翻译过程,128
担保,-1
企业管理现代化,-1
切线,176
资治通鉴,-1
现金流,158
现代积极心理学运动,90
唐代,-1
列空间,175
临床意义,151
切线刚度矩阵,29
一维导热问题,270
质量调研,152
石油文化发展创新,11
经济周期,79
第一世界,-1
石油工业,10
准则能量最低原理,-1
种子活力,2
催化剂,-1
横掠管束换热,267
西晋,-1
同一律,-1
全文,-1
渗透压,-1
弹簧秤,-1
货币统计量,193
差异性营销战略,86
市场细分标准,-1
下滤,161
卢梭,121
直线职能结构,208
转移支付,114
心理应激,90
消化性溃疡,275
亚里士多德,-1
融合新闻,214
计算机设备,244
新闻传播,214
检索学习,100
现代教育,-1
对象的复制,124
粉体及纳米材料,168
同素异构转变,194
二元命题联接词,71
易经,179
风味物质,190
对象,124
同分异构现象,-1
下溢,161
数据挖掘,24
密闭容器,39
血浆,-1
植物景观规划,51
倒萨起义,-1
缺少值,159
线性方程组的解,195
大道之原,148
地理位置,-1
网络保险优势,230
市场营销信息系统,105
有限元分析,-1
高频等效模型,20
民族复兴,223
换热器,267
定常约束,45
教师专业素质,66
有机物命名,-1
名义变量,180
透视式,133
微格教学,103
生态文明建设,-1
学习形式,-1
缺氧类型,-1
压力,90
肥料,-1
暖通空调系统的分类,111
空降作战,203
3D打印技术,134
C++语言,240
AIDS,-1
灌流条件,172
黑茶,0
内存容量,31
十六进制,-1
循环过程,22
口语,-1
电子元器件原则,50
移植,-1
功能主义人工智能,140
运算放大器电路,56
白酒品评方法,5
异常处理,38
旧媒介,213
二维向量,175
创业者素质,83
摩尔质量,-1
谈判过程,67
学校教育,109
位,178
货币中性的古典原理,-1
课堂教学设计模式,103
牧草种质资源库,3
班主任,65
名义利率,187
酿造酒,7
建筑面积,35
汽车行业,-1
利润,182
热,249
创业行为,83
萘,-1
敏感信息,166
韦伯区位论,47
心脏射血,273
超级解霸,-1
阴离子,284
备用信用证,-1
解释性报道,-1
化学反应自发性,-1
数据分析,-1
相邻权,102
替代效应,12
茶水,0
苏轼,-1
湿空气的状态,-1
数据仓库设计,23
孩子,-1
定积分定义,183
热导率计算,271
氮化镁,278
多元文化,232
代价曲线,162
多国联盟,-1
稀土元素,-1
室内空气环境,111
共价键材料,-1
柏拉图,221
塑料,-1
回路电流方程,-1
大数据平台,23
消声器,39
五力模型,20
市场营销目标,105
迭代法,185
贵族制,-1
义务兵役制,-1
简单随机样本,48
领导的才能,28
必要功能,17
断袖,149
条件概率,170
导向功能,17
马格里特,121
脱羧,257
科学献身精神,-1
极坐标,113
套管式换热器,267
心绞痛,273
优秀传统,232
货币需求理论,112
求导运算,-1
文献类型,-1
台式电脑,-1
元数据,26
积极行为,90
美国司令官,-1
行为,-1
选择结构,-1
肾上腺素,-1
种子产量,2
构造简式,209
O2O创业,83
儒道释修心之法,-1
文化趋同论,232
教育功能内容,-1
热力学,254
高阶无穷小量,-1
平面应变问题,-1
钻石模型要素,20
茶经,0
碳自由基,-1
马克思主义思想,237
基本数据元数据,-1
六度分隔理论,-1
统计数据,-1
机会成本,181
伸展算法,-1
民事主体,69
导电性,54
郎官石柱记,-1
集群偏好,-1
采购方案,-1
徒手分样,-1
日本丰田,-1
拉式策略,-1
概率图模型,20
教育活动,-1
隐性智慧,64
热导率,271
社会主义改革,-1
殖民地,-1
概率密度函数,-1
整体性,207
思维导图,64
自然规律,62
临界雷诺数,174
社会生产力,-1
淀粉含量,-1
原函数,-1
互补输出级,-1
产品创新,75
专业能力标准,-1
avl树的重平衡化,37
系统论,-1
教育学创立期,110
数字音乐文件,-1
硫化合物,-1
湿空气的物理性质,-1
氯离子,284
晶粒度,61
需求要素,-1
宗教哲学,221
H型(控股结构),-1
新语,214
封闭式系统,39
教师,66
定积分的几何应用,183
物流,-1
刚体平面运动,212
互感,-1
采暖方式,111
新自由主义,-1
果实,-1
编译程序,128
产品,75
产品线双向延伸,75
函数的嵌套调用,-1
丁烯醛,285
推理,-1
预调查,152
盈利能力指标,-1
互联网金融监管,230
强碱溶液,-1
高效学习工具,100
真正例率,-1
薄膜技术及薄膜制备技术,134
量表,160
两岸关系,-1
管理宽度,136
专业镇,47
发动机,196
辩证法,-1
动物试验的结果,48
葡萄酒厂分布,7
社会主义改造,248
混合气体热导率,-1
生产原料,-1
人际传播,67
财务,-1
时代背景,-1
原子晶体,61
移动性浊音阳性,-1
上凸函数,-1
收入效应,-1
文化产品,-1
商业媒体传播原则,-1
颅内压,-1
线性相关,176
势能曲线,162
氧化还原反应,250
化学平衡,-1
完全二叉堆节点删除算法,37
蒸汽压,-1
导数与微分,198
乌龙茶,0
傅科摆,157
优点,188
表面间的辐射传热,268
宏观经济报道,-1
城市带,47
报童模型,20
氧化还原,250
普通合伙企业,98
作战任务,203
化合物半导体,61
思想,-1
欧拉角,-1
建筑学,-1
民营企业,98
保护率,33
试验样品,48
相似特征数,-1
PHP绘制图像,1
多级放大电路,56
资产比重,171
利率,187
临界能,-1
经济学人,79
香型,190
泡茶,0
辅食,281
亚壳层数,174
茶文化,0
直线职能型组织结构,208
治疗性研究,151
组织市场,-1
数理,-1
传统媒体时代,213
硬实,-1
高阶导数求解,-1
共价结构分子空间构型,-1
分步沉淀,161
市场领导者,105
希腊哲学用语,221
贮藏场所,44
Kopernio查找,-1
三层体系结构,-1
swf格式,-1
曹爽集团,98
营销战略,86
失业,4
相似准则数,-1
相关关系,59
数据法律风险,-1
财务报表分析,147
脑能量,196
孕周,18
子宫颈癌,274
西方教育史,-1
软盘,245
点的极限,-1
石墨,-1
自主创新战略,-1
运算放大器的应用,57
PHP语法,1
文件系统,-1
麦克马洪线,121
IS-LM模型,20
希腊四主德,221
雷诺数,174
晶体,61
课堂轨迹,-1
标准文献,92
土地承包经营权,-1
矩估计,120
电源的等效变换,53
氢氧根离子,284
二阶张量,-1
垄断竞争,93
个人利益,-1
烷烃命名,285
赫拉克利特哲学,221
网络银行,230
对象的生存期,124
危机处置,144
氟离子,284
建模思路,20
取代基的定位效应,12
荧光材料,168
收敛,161
权益乘数,-1
经济性,-1
个人化,146
圆锥面,209
页岩油,-1
金融服务,76
过渡时期总路线,-1
烯烃,-1
普通贮藏法,44
社会新闻,214
理想气体,256
抛体运动,212
项羽,218
采前准备,-1
标识符,135
动脉粥样硬化,277
丙二酸二乙酯,285
生产环节,-1
发热模型,-1
气流组织,172
体积,-1
经营场地,47
建设性沟通,67
亲密关系,59
不动产抵押权,99
中国石油工业史,-1
资产结构,-1
陆羽,218
不正常种苗,-1
生产可能性曲线,162
血压降低的始动环节,22
黑瞎子岛,145
转动惯量,-1
代谢途径,-1
执政地位,-1
嗅觉,-1
免疫应答,251
伸长量,-1
变分推断,73
多齿配体,197
心肺复苏,273
大数据,-1
信息人员,166
车臣共和国,-1
方幂运算,201
泰勒公式,120
全日制学习,100
赠与合同,78
要素市场,-1
回音廊效应,12
弹性势能,196
俄狄浦斯王,-1
真人,-1
物质资料,-1
按份共有,31
攀比心,90
对象性活动,124
独生子女,-1
冥河,-1
康奈尔笔记法,100
刚体定轴转动的动能定理,225
基础货币,193
球壳稳态导热热阻,261
防空导弹,203
量子数取值原则,174
商业模式的特点,82
美学,-1
知识,-1
高铁血红蛋白,280
微分中值定理,-1
红三叶种子,2
个人需求曲线,162
秦国制度特点,-1
住宅,34
景观结构体系,-1
决策树,27
基,157
浙江,205
标量类型,-1
进程通信原理,131
教育,-1
贸易政策,72
学生发展规律,94
坏血病,-1
种子贮藏库,2
商品使用价值,106
动能定理,225
港口群,47
联合概率,170
自然式种植形式,-1
局部对流传热系数,-1
图像传感器技术,-1
稳定静态工作点,-1
胃溃疡,275
贸易赤字,-1
筮数说,-1
西湖,145
渐进时间复杂度,-1
晶态结构,61
教育学发展期,110
学习者,-1
身份识别,-1
癌症,274
现值,-1
醛,-1
易用性原则,63
集成学习,100
可信区间,160
文摘,-1
氧化能力,-1
钢铁工业基地,47
学生特征分析,94
地球生命演化,-1
政府购买,72
社会主义和谐社会,248
纯滚动,-1
不可分性,-1
供应链网络,68
课程标准结构,104
B树,37
事故灾害,43
数据管理,-1
新古典主义,227
投影,189
原始创新,84
方程的解集,195
力量训练,211
4C营销策略,86
教学评价,94
二叉搜索树,37
种子收获指标,2
资本公积,123
文献资源,92
微分方程,195
负强化激励,42
温度调节,249
微循环,22
武装部队,203
氧化态,-1
社会主义社会发展,248
有色金属,129
庚二酸合成,286
库存量,-1
虚位移,169
鸭绿江,204
植物的形态美,-1
圆形花坛,-1
政策无效性,-1
相似性度量,-1
绿色设计,19
现金流分析,-1
Balis馆际互借服务,-1
不定积分,183
万方数据,26
光依赖性,49
单调有界收敛定理,184
东南亚条约,-1
货币资金规模,193
贮存条件,44
物价水平,-1
凯恩斯陷阱,-1
边际消费倾向,-1
拉格朗日函数,-1
矩阵乘法,29
风险厌恶,127
风险治理体系,127
研究样本量,-1
积极主动式回应,90
社交网络分析,231
质量矩阵,29
射流,172
样本容量,48
汤姆森系数,-1
序列最小最优算法,-1
中国文化,232
潮解,-1
合同关系主体,77
西奈战役,202
体态评估,154
事实组合方式,-1
命题演算的自然演绎系统,-1
旋光仪,49
参数方程确定的函数求导,-1
结构振动问题,-1
资金障碍,-1
急性期反应蛋白,251
理想气体压强,256
新秩序,-1
聚落,46
惠普公司,98
构图方面,226
因子图,-1
抗美援越,203
杰罗姆·麦克锡,121
抽象劳动,32
植物种类规划原则,-1
脱水,257
种子休眠,2
页面,-1
肠道,155
编程能力,-1
白族,223
有氧运动,211
资产阶级革命,-1
知识论学说,-1
质点运动,200
财经故事,210
冷负荷,-1
溶度积,-1
深度学习,141
动量矩定理,225
标准正态分布,165
同分异构,-1
职能型组织结构,208
西方教学论,-1
醇的脱水反应,-1
异常检测,38
糖化发酵剂,-1
大众化,146
肾小球滤过率,-1
商业价值,-1
Fischer投影式,189
二元谓词,-1
地球自转,169
休谟,121
间硝基苯甲酸,286
教育评价的目的,94
青铜艺术,-1
辐射换热系统,-1
经济订货批量,79
精神财富,-1
IS曲线方程,-1
差异性营销策略,86
PHP文件操作,1
多媒体,243
脂肪分解,-1
科研选题,-1
第二次中东战争,202
教与学,-1
慢性支气管炎,276
未来管理理论,-1
结果,-1
偏差,38
边界层理论,139
中镏酒,6
收敛域,184
文化形态,232
春茶,0
糖,281
手动对焦,226
GDP,142
负债,-1
基本特征,188
机体情绪反应,90
管理风格,136
硬件功能,17
地役权,-1
电极电势,54
理想气体的压强公式,256
创新创业教育,83
组织,125
无线传输介质,-1
求解非齐次的线性方程组,195
信号量,-1
教育目的类型,-1
控制要求,130
浓香型白酒,8
联合概率分布,170
大空间自然对流,-1
货币市场工具,-1
创造性,84
民族交流,223
环加成,285
毕达哥拉斯学派,221
阶级专政国家,241
成品茶分类,0
电子仪表器,50
教育制度的组成部分,110
风口评价指标,-1
自由度,-1
地心,-1
源程序,131
熵变,122
氨基酸,282
退休者,-1
黑体有效辐射,266
事件运算,201
政府购买乘数,-1
静态电流,-1
高分子材料,-1
一阶,-1
中央厨房,-1
目标设置理论,15
中心极限定理,-1
烷基化试剂,265
美德,233
个人信息保护,166
封闭腔模型,20
屏蔽效应,12
函数的调用,-1
创新创业教育体系,83
净进口,-1
多层球壳导热计算,261
回归分析,14
货币乘数,193
代偿心,-1
体温调定点,249
教育评价,94
一案三制,-1
感染流感,16
上海,205
角速度,150
机器学习,141
标准化,-1
宋代,-1
信息,166
定轴转动,-1
课程实施基本取向,104
摩擦自锁现象,39
传统思维,64
销售价格,181
降维,116
